{
  "10MiB": {
    "results": [
      {
        "command": "s3 put -n1 10M",
        "mean": 0.23772876135461546,
        "stddev": 0.0527481528555226,
        "median": 0.22246265097,
        "user": 0.08215384615384615,
        "system": 0.02030769230769231,
        "min": 0.18553340497,
        "max": 0.38676305997000004,
        "times": [
          0.21406654697000002,
          0.38676305997000004,
          0.24589399797,
          0.18553340497,
          0.22246265097,
          0.24944385497,
          0.19819184597,
          0.24123297897,
          0.19899361597,
          0.20536105197,
          0.27249676097000003,
          0.20254463397,
          0.26748949397
        ]
      },
      {
        "command": "s3 put -n2 10M",
        "mean": 0.3877830565414286,
        "stddev": 0.16945344241990457,
        "median": 0.32286189947,
        "user": 0.09485714285714285,
        "system": 0.032857142857142856,
        "min": 0.18834038297,
        "max": 0.71113027997,
        "times": [
          0.21148654797000002,
          0.29819779397,
          0.21908059297000002,
          0.31052636697,
          0.33519743197,
          0.5020759489700001,
          0.28786801097000003,
          0.28671435197,
          0.35953257697,
          0.64044890397,
          0.6059459539700001,
          0.71113027997,
          0.18834038297,
          0.47241764797
        ]
      },
      {
        "command": "s3 put -n4 10M",
        "mean": 0.26341164156999997,
        "stddev": 0.10261204154252758,
        "median": 0.20671442197,
        "user": 0.07879999999999998,
        "system": 0.022799999999999997,
        "min": 0.17826802897000002,
        "max": 0.42809538497000005,
        "times": [
          0.38241497397,
          0.42809538497000005,
          0.17826802897000002,
          0.18302387597,
          0.41646462197,
          0.19267902997,
          0.21210745897000002,
          0.20132138497000002,
          0.19683083697,
          0.24291081897000003
        ]
      },
      {
        "command": "s3 put -n8 10M",
        "mean": 0.22913740370333333,
        "stddev": 0.054240506005435,
        "median": 0.21552206597,
        "user": 0.0784,
        "system": 0.02746666666666667,
        "min": 0.18655483297,
        "max": 0.40161173997000005,
        "times": [
          0.19813197597,
          0.19933427497,
          0.23247492597000002,
          0.19644906697,
          0.18655483297,
          0.18721478397000002,
          0.18910653197000002,
          0.26444697497,
          0.21552206597,
          0.26860359197,
          0.22216143097000002,
          0.40161173997000005,
          0.21541296597,
          0.22259237097,
          0.23744352197000002
        ]
      },
      {
        "command": "s3 put -n16 10M",
        "mean": 0.23896628597,
        "stddev": 0.05437021165673912,
        "median": 0.22074832697000002,
        "user": 0.07657142857142855,
        "system": 0.02857142857142858,
        "min": 0.18154765597,
        "max": 0.35498085897000003,
        "times": [
          0.20116641497,
          0.19530060697,
          0.27667000797,
          0.20399025197,
          0.21909061297000001,
          0.24348354797000002,
          0.31745882197,
          0.21422993697,
          0.22315099197000002,
          0.22240604097000002,
          0.35498085897000003,
          0.30879714797,
          0.18325510597,
          0.18154765597
        ]
      },
      {
        "command": "s3 put -n32 10M",
        "mean": 0.22054713037,
        "stddev": 0.025148928969245712,
        "median": 0.21033888897,
        "user": 0.07759999999999999,
        "system": 0.0248,
        "min": 0.19041186097,
        "max": 0.26607164497,
        "times": [
          0.19855338697000002,
          0.20279407297000002,
          0.20379882297000002,
          0.24116217897,
          0.20192933297000001,
          0.22651091797,
          0.22753344797000002,
          0.19041186097,
          0.24930087497000003,
          0.20451848297,
          0.26592445397000003,
          0.21033888897,
          0.19459054797,
          0.22476803997,
          0.26607164497
        ]
      }
    ]
  },
  "100MiB": {
    "results": [
      {
        "command": "s3 put -n1 1000M",
        "mean": 64.79404578009499,
        "stddev": 2.274222123628224,
        "median": 65.16903876559499,
        "user": 5.095599999999999,
        "system": 8.2568,
        "min": 60.442222981095,
        "max": 68.852252268095,
        "times": [
          62.609980049095,
          66.586489409095,
          60.442222981095,
          68.852252268095,
          64.242260334095,
          65.627191310095,
          64.979350262095,
          63.686465149095,
          65.55551876909499,
          65.358727269095
        ]
      },
      {
        "command": "s3 put -n2 1000M",
        "mean": 67.15310779009499,
        "stddev": 2.2915302811180136,
        "median": 67.09045539159499,
        "user": 5.0516,
        "system": 8.481599999999998,
        "min": 64.442278566095,
        "max": 70.52680938909499,
        "times": [
          67.96673411009499,
          69.37702112209499,
          66.952601398095,
          65.142420506095,
          67.22830938509499,
          65.350905368095,
          64.48301730209499,
          70.52680938909499,
          64.442278566095,
          70.060980754095
        ]
      },
      {
        "command": "s3 put -n4 1000M",
        "mean": 70.78306755199499,
        "stddev": 3.3120995010505756,
        "median": 70.811072339595,
        "user": 5.031599999999999,
        "system": 8.986799999999999,
        "min": 66.67049020809499,
        "max": 75.32788825509499,
        "times": [
          66.69857627409499,
          70.25176804509499,
          66.67049020809499,
          67.238630946095,
          75.32788825509499,
          74.476778884095,
          71.55716521709499,
          69.524005148095,
          71.370376634095,
          74.71499590809499
        ]
      },
      {
        "command": "s3 put -n8 1000M",
        "mean": 73.942956306095,
        "stddev": 3.3513021850059577,
        "median": 75.024902415595,
        "user": 5.1704,
        "system": 9.77,
        "min": 66.88691629409499,
        "max": 77.231307460095,
        "times": [
          72.716125976095,
          75.496261214095,
          77.231307460095,
          77.15228422509499,
          66.88691629409499,
          76.102787376095,
          69.673438898095,
          73.94305679209499,
          74.55354361709499,
          75.673841208095
        ]
      },
      {
        "command": "s3 put -n16 1000M",
        "mean": 73.549955387095,
        "stddev": 1.1723154794152848,
        "median": 73.56786589459499,
        "user": 5.273599999999999,
        "system": 9.788799999999998,
        "min": 71.69829759309499,
        "max": 75.984690612095,
        "times": [
          75.984690612095,
          72.599499825095,
          74.09404214609499,
          73.39129568109499,
          73.29689299009499,
          73.81612032709499,
          71.69829759309499,
          72.545621228095,
          74.328657360095,
          73.74443610809499
        ]
      },
      {
        "command": "s3 put -n32 1000M",
        "mean": 74.34585975639499,
        "stddev": 8.183428901173576,
        "median": 71.030758318095,
        "user": 5.202,
        "system": 9.5336,
        "min": 66.682677383095,
        "max": 91.841642837095,
        "times": [
          76.45222319909499,
          68.03110004209499,
          69.86246416109499,
          91.841642837095,
          67.890373996095,
          76.23583728509499,
          84.48351958009499,
          66.682677383095,
          72.19905247509499,
          69.779706605095
        ]
      }
    ]
  }
}
